{
  "track": "representation",
  "solver": "solve_reference",
  "seed": "0xC0FFEE",
  "boot": 3000,
  "timing_reps": 5,
  "ladder_bits": [
    20,
    22,
    24,
    26
  ],
  "rungs": [
    {
      "bits": 20,
      "n": 558827,
      "field_ops": 3699,
      "field_breakdown": {
        "mul": 1844,
        "sqr": 933,
        "inv": 922,
        "total": 3699
      },
      "mean_ops": 3699,
      "trial_ops": [
        3699
      ],
      "solver_secs": 0.002003041037824005,
      "ctrl_secs": 0.006252292019780725,
      "solver_t": [
        0.0020622499869205058,
        0.0019998750067315996,
        0.021033999975770712,
        0.002003041037824005,
        0.0020024580298922956
      ],
      "ctrl_t": [
        0.002033042022958398,
        0.006252292019780725,
        0.02540708298329264,
        0.025837833003606647,
        0.0045306250103749335
      ],
      "rho_ref": 937
    },
    {
      "bits": 22,
      "n": 3183409,
      "field_ops": 12740,
      "field_breakdown": {
        "mul": 6364,
        "sqr": 3194,
        "inv": 3182,
        "total": 12740
      },
      "mean_ops": 12740,
      "trial_ops": [
        12740
      ],
      "solver_secs": 0.017549916985444725,
      "ctrl_secs": 0.010413500014692545,
      "solver_t": [
        0.017549916985444725,
        0.024178082996513695,
        0.012227000028360635,
        0.008231415995396674,
        0.01897404104238376
      ],
      "ctrl_t": [
        0.014589124999474734,
        0.01419787498889491,
        0.010413500014692545,
        0.006649749993812293,
        0.006646458990871906
      ],
      "rho_ref": 2236
    },
    {
      "bits": 24,
      "n": 11564363,
      "field_ops": 26209,
      "field_breakdown": {
        "mul": 13098,
        "sqr": 6562,
        "inv": 6549,
        "total": 26209
      },
      "mean_ops": 26209,
      "trial_ops": [
        26209
      ],
      "solver_secs": 0.037888582970481366,
      "ctrl_secs": 0.004040332976728678,
      "solver_t": [
        0.01466520898975432,
        0.04752949997782707,
        0.058843832986894995,
        0.037888582970481366,
        0.03391445800662041
      ],
      "ctrl_t": [
        0.0040807080222293735,
        0.004040332976728678,
        0.004044000001158565,
        0.004029874980915338,
        0.0040389159694314
      ],
      "rho_ref": 4262
    },
    {
      "bits": 26,
      "n": 45124537,
      "field_ops": 31254,
      "field_breakdown": {
        "mul": 15620,
        "sqr": 7824,
        "inv": 7810,
        "total": 31254
      },
      "mean_ops": 31254,
      "trial_ops": [
        31254
      ],
      "solver_secs": 0.04141545802121982,
      "ctrl_secs": 0.01677791599649936,
      "solver_t": [
        0.041694375046063215,
        0.04141545802121982,
        0.04763662500772625,
        0.026099167007487267,
        0.027541708026546985
      ],
      "ctrl_t": [
        0.01677791599649936,
        0.011468915967270732,
        0.011441458016633987,
        0.06039370800135657,
        0.023478499962948263
      ],
      "rho_ref": 8419
    },
    {
      "bits": 28,
      "n": 145781267,
      "field_ops": 76011,
      "field_breakdown": {
        "mul": 37998,
        "sqr": 19014,
        "inv": 18999,
        "total": 76011
      },
      "mean_ops": 76011,
      "trial_ops": [
        76011
      ],
      "solver_secs": 0.08779262501047924,
      "ctrl_secs": 0.030691707972437143,
      "solver_t": [
        0.0900146669591777,
        0.08779262501047924,
        0.05299020902020857,
        0.062019667006097734,
        0.1626754580065608
      ],
      "ctrl_t": [
        0.10979070799658075,
        0.030691707972437143,
        0.030653791967779398,
        0.030616833013482392,
        0.05307858402375132
      ],
      "rho_ref": 15133
    }
  ],
  "b1_field_ops": {
    "alpha": 0.4997,
    "alpha_ci95": [
      0.3794,
      0.6206
    ],
    "c": 5.997297,
    "r2": 0.93093,
    "holdout": {
      "bits": 28,
      "n": 145781267,
      "measured_ops": 76011,
      "predicted_ops": 71739,
      "pi95": [
        44187,
        116472
      ],
      "sd_param_log": 0.24725,
      "sd_meas_log": 0.0,
      "z": 0.234,
      "pass": true
    },
    "shoup_alpha": 0.5,
    "authoritative": true
  },
  "b2_rho_race": {
    "beta_solver": 0.6244,
    "beta_control": 0.259,
    "exponent_gap": 0.3654,
    "gap_ci95": [
      -0.2257,
      0.6498
    ],
    "gap_r2": 0.4288,
    "role": "corroborator",
    "note": "large-n instrument; toy-size exponents are overhead-limited"
  },
  "verdict": "NO-ASYMPTOTIC-WIN"
}
